SAMPLEID,SAMPLETYPE,x,y,Ag_ppm,Al_pct,As_ppm,Au_ppb,Ba_ppm,Bi_ppm,Ca_pct,Cd_ppm,Ce_ppm,Co_ppm,Cr_ppm,Cu_ppm,Fe_pct,Ga_ppm,Hg_ppb,K_pct,La_ppm,Li_ppm,Mg_pct,Mn_ppm
S00000,rockchip,116.25552671110195,-31.781010560752577,0.05147035381941981,0.6338127906257637,4.341069908772317,4.092117699264807,133.30565909620083,4.780231309636349,29.854012559412702,6.622923802204024,2.027866577760114,7.214079309329389,3.0384010972190736,5.301534059058806,3.336952562768708,17.471572855804347,8.011802949004425,5.959278130900308,0.13741404430365128,0.20932079774380075,2.5509727727907285,1.8213727395633401
S00001,rockchip,116.47423449083749,-31.682772541233284,0.711202319784366,4.0164325966053545,41.34630314200635,26.82860699819333,4.973816400374472,6.750638497187084,1.0031628801863446,17.267319682153744,0.922291156975872,3.0264500189874544,5.103145582167853,2.591948789928008,2.5069227623417696,0.5781066931914312,0.08824601482276892,0.943542188547882,18.953239873280104,5.399679291104654,5.931342823115735,33.583409768456015
S00002,rockchip,116.17156050209842,-31.53383580226675,7.367751112436948,6.282241108115987,3.0033730050725573,0.7406488201920456,24.730061990186776,5.6911607764275915,6.394405430771538,117.91801104184464,9.525768377702047,11.306158062203975,59.82745948288079,2.328436646276212,5.146665703701511,1.6659133986282397,0.3749755576935377,4.216301531114803,2.0012975271230315,2.1064341944578557,2.291381044336248,2.598847378598443
S00003,rockchip,116.86638588557082,-31.566317884482572,27.801461199049236,15.687981179104959,0.12869234034018134,3.0794164818713483,0.509967825578687,5.360964386602317,0.4817372222492947,2.293089938820949,4.4585762391599815,0.9801802599944993,1.2811079700556522,3.2713502075940806,4.9107875148822915,5.175966424915052,18.889635694555942,4.050490822211429,1.050090633613059,0.4201310182962806,15.40943238299102,4.470547759767519
S00004,rockchip,116.15138302308911,-31.20449859727003,1.9564147687647195,4.246830363363803,0.8854882891223493,-0.5,26.524578368084185,156.2253793943177,0.5175970614202876,8.223197536360809,0.05393892943731151,-0.5,1.480999636474655,3.9290736808900744,7.829708141894132,15.50913237820094,-0.5,3.3490173712011484,10.29481513467639,3.948225845707957,1.48844254377638,2.8961272302049275
S00005,rockchip,116.35786164412914,-31.363784522796436,2.3393593811835895,4.888945564804684,6.7926857841748,0.09224737437764202,1.4997362808403447,2.4247331935840197,9.655856292467817,4.541380750689586,48.83625726894413,-9999.0,16.66030351467326,3.2815087683575195,8.14895231007645,2.1861828479379106,0.16640678275561513,0.6562811527411622,1.9949616674169213,2.0861786869478696,0.2556789321720862,1.482558247901056
S00006,rockchip,116.76559780919985,-31.78086196590383,0.9839350554048644,1.8184570853558266,2.40579612920241,10.917048237245874,6.021954772262556,11.072959678054225,31.549380137266432,5.073963557878235,8.22137676892366,-0.5,3.2767619405606427,50.393434044458,2.3801050230024017,2.40207046999329,0.952848584775597,1.7757793801731792,0.5653646996677788,9.119402294889227,0.5265253392214615,2.871284049083986
S00007,rockchip,115.968296426147,-31.78480804061365,-9999.0,0.7326000617899873,9.828064469264302,2.382404480528336,12.032668841442494,1.3411336779506913,10.314010085094642,24.870936710333467,1.534809261562902,0.52704122593628,5.376146332022258,-9999.0,2.2080474676096205,7.619497777062173,0.6803821122965172,3.8712471568137303,0.2772736487910054,0.2368144558451832,5.221486400407588,0.14328060825529607
S00008,rockchip,116.70892076558104,-31.729085944810013,-9999.0,1.426326194334805,1.2578155672905855,23.639788134677442,26.217195732416094,8.899208817100345,0.12483727868422126,0.9740524864448528,6.742620433084176,2.094713975820197,1.118820165445358,3.531001153102182,2.721629937370259,0.5021751876848473,2.1192397222647874,1.8889925635923102,7.715004773840621,0.7115267769047721,1.0133937489080014,0.2667190019670661
S00009,rockchip,116.45924113246146,-31.466592789529813,10.38739520293413,23.152579917739338,15.303108522963838,0.7856483894399473,2.535602768053903,11.122608463262905,1.4478557091872497,1.5881542648643105,5.116475700670468,0.3776094197691691,0.9060273601578173,2.8776907790734825,6.299093383607107,30.298761125588133,1.5587333312474951,22.308357352029976,8.496091137826241,0.733222317951142,18.635697547767844,4.592597703708879
S00010,rockchip,115.92003480430645,-31.813490995966948,3.944465783907417,7.036574008009183,3.9315946672453914,0.3395399064778918,0.6025896303467629,4.695662055960781,3.8898682985737647,2.0892173288264053,0.0,0.634637529449742,0.44458802846742645,11.121926967173522,14.610393146000263,0.7270906347684436,3.555151197905704,2.8907744879021737,1.462909508509118,7.333615958713502,0.46953195294651884,28.568352117027786
S00011,rockchip,116.79114565545355,-31.32568668150054,3.268587522852974,5.008296145160982,4.084569658055536,1.2037543015786227,2.6587048622190426,33.243870809877286,2.9723746133441216,0.6204731381068631,0.7365366376018131,2.7948383228204046,3.520438839129044,0.9609466171121136,1.639989469764395,0.15291330757435398,2.44929670112411,0.6130519804253085,19.726980989261577,1.9032229477663756,12.520041042877562,4.58289849083309
S00012,rockchip,115.92742959894252,-31.459004282621375,0.5883789647585566,0.17851972412896372,3.403935735276548,1.16663705208587,6.596714996696258,0.7215063825814336,0.15266439699257506,2.7122745433142548,3.024462571305738,0.12996980192641552,0.6263231620370735,1.5679599897478025,-0.5,2.7596407626122055,20.897068428541516,5.192153945967794,2.8683771492555126,15.97774438394965,1.419672239748723,0.9226057436765748
S00013,rockchip,116.40345055975807,-31.26423264448985,39.404970039060565,4.345843952202173,0.8626603964509227,1.9942559737684733,1.2167453909802297,1.3088757825401804,0.38837132914306605,7.293291000905076,4.27639062614745,5.09880995244103,0.52097212238591,0.2815400483350672,0.8023726841538916,34.732923930896256,5.138817011533188,-9999.0,19.925639682088402,1.4945251730142288,19.32309128677169,-9999.0
S00014,rockchip,115.93726400985247,-31.098848718847876,24.50557221167875,0.369899507683693,2.494813976080723,1.345990853223456,1.4409978807127641,3.7380725926718372,0.0,9.417248327283774,17.25089926368437,6.269881000479036,7.3270270996874425,11.947502420868263,0.28855147761649796,6.551406081238173,5.400585733153489,51.53818992852342,0.6465844598777162,3.784735164283763,5.8034152292029555,8.8179629977895
S00015,rockchip,115.95943286196128,-31.568701131450823,82.3759450684547,0.41166190252976514,4.223403739695873,-0.5,0.2664922960544656,10.18799717903613,2.456146881023717,2.063206719974034,3.1705623624732984,2.4239070543828247,1.049057253916182,0.2768316083537178,0.42453950920989486,8.386605203874419,15.607252121905697,0.2057330886538066,0.538108956029269,25.187812865287793,3.628275278685156,1.1609135908699335
S00016,rockchip,116.77543707774467,-31.66259029930177,0.5225237051536524,0.48698161250888145,0.3325443936823648,2.3574144483956148,0.6267248166879624,3.557806779868855,0.14940928156340086,15.075243478914471,5.190292578507023,0.7705933253033559,0.44916727476925483,6.10638337945874,0.6031565511220245,2.892376965428877,1.5171701774862305,10.430053310397426,1.2580036308451428,0.1902535458368233,7.363978719342834,7.13386474700667
S00017,rockchip,116.65405831044923,-31.54162039096729,4.0391963580276915,0.8527829744580909,3.062989436633705,3.84854465169022,5.293332051091046,18.702151201654228,6.688151731278688,0.12115630288602734,0.6939116835317539,1.8853715804911517,0.38479462579554435,33.84000017783026,1.001348224326516,2.162865048415615,0.4095009052627019,8.257996386663317,0.0,2.839128806307908,17.11543687692971,4.878304578681483
S00018,rockchip,116.08517393673168,-31.817910764978773,0.8269830653495172,9.488535068898708,16.815765647352706,2.034268584417045,10.20536744789061,1.007493127575598,2.364404962911538,88.94988177767803,3.0069401179386235,65.03605118502216,10.671582085234462,48.84261210364201,5.418523522788082,0.2678403849643927,16.617485543026795,0.49867062078194985,15.28130659868961,2.59254289299046,2.518830239745599,5.570309335435933
S00019,rockchip,116.50870073670104,-31.699660991404897,5.288276711414997,3.818616519183896,5.210767720308637,4.17971209555391,14.191370909360097,0.4912177660017999,0.5684709299317693,6.365449938202088,9.980242361222238,0.0,2.316943418134539,1.7178048990560881,0.5449789411064513,0.09171407821014285,3.3326327997431875,6.291427567011024,4.220757587620373,0.8337974257742006,0.1627571136539649,2.858801728621533
S00020,rockchip,116.682912331918,-31.068843583244345,4.2136735431388965,0.6605255869799309,21.135101250317422,3.087686538787049,0.0,4.315410722408338,3.634169067150374,0.0,0.9740695312648638,0.8337716888464294,1.4933239133286615,1.6179883202789065,2.791348758663207,3.6488370765425624,3.3502226685381116,0.0,0.8703463675963133,2.1259231517282977,16.445770468187572,4.832996059132398
S00021,rockchip,116.77782340485365,-31.596867104530393,1.460852733573474,1.1375630769562666,-0.5,0.34198434194228466,25.33646447100481,2.421118408857365,0.31347557370060974,5.4365925339564285,1.5187091408157731,0.08473719018479568,3.515538707212198,2.4322618306991117,9.552106027106413,19.469006512645702,1.0512764764847644,2.1209352591302224,2.7641643565551357,4.341716634541446,1.8096489817306947,2.2723587708907025
S00022,rockchip,116.35653969032593,-30.825374313126638,1.9291322872794876,5.7400712932424565,0.7071967619561842,1.731037390630649,2.1640219851368356,6.136751807127931,2.5139905658877013,2.161536906673198,0.6402638010535582,13.011371213857965,3.0477704794172733,10.497204623753667,0.7828727186510053,4.554886247265361,1.0775791532005619,5.504673249924054,1.4303545116288612,0.887485573320544,126.45024234631468,1.0481641428042647
S00023,rockchip,116.78573264088799,-31.651842425565867,62.56163558381582,7.742392153418876,8.900786478960786,3.2247321042726615,0.6679668278499574,2.6088162221095668,0.18248701985754517,0.11838338148156116,0.3558931731663282,0.4230298078536314,1.2287504511136458,2.2296755189545676,1.2997610323862163,6.926809312965297,9.680209156739709,2.528184661491064,0.8141284116961038,2.953856246746333,1.1007177527470031,0.6406649928284801
S00024,rockchip,116.39608283620434,-31.030902231365186,2.2189445554430103,3.321610613305291,0.49088805186721385,1.904546749144146,1.8511025526180227,1.632267763841107,0.0,2.916425026209979,0.747425245452207,3.10287014833458,1.6478576159052973,1.8028927899080056,0.3752781296467611,29.241131129690814,11.90530021535594,0.6064828288963939,2.4118337557073812,0.5888388618954482,1.5354234700502634,0.07596267354140594
S00025,rockchip,116.57646080566447,-31.114629475105144,0.09987209261175696,0.48615118529144513,1.9884276790574558,0.28962010980618985,-9999.0,2.429276903308083,1.3756555797433894,10.668126060135567,6.318508569407415,64.0727022030656,8.134339322077755,13.586253512662617,0.6513041172160047,-9999.0,8.808658063211537,5.0307118769063655,2.041563292553017,2.0007772379074154,8.303426075805048,2.0716298329651974
S00026,rockchip,116.86726212291192,-31.49754180411437,1.2162512547866062,1.464056329442504,1.7967966921339913,17.02477128031248,3.48624287025233,2.8384931835239624,0.9282999162141047,11.538489748346235,1.8791801796858645,4.730232947899016,9.36669030383961,2.9023272829582085,21.219171303385313,2.2614752131975915,8.93023230161011,1.9893970150085047,0.8619845542552579,10.946855082132233,8.519641633757628,26.550996353641352
S00027,rockchip,116.12418455268131,-31.488934803364714,0.5257635941173516,96.6878002804881,0.9827332157278433,0.6323998062039313,10.344080885355032,1.7203505018794996,4.837669134741417,3.965161940695555,0.7511542368239545,4.651932610333662,0.7731488378956666,2.160558657657379,5.797854569807058,0.7962936863563405,6.382400661986604,2.302711493651453,0.8482787079156833,11.742779529447308,5.124000985428678,8.126417209633177
S00028,rockchip,116.05675403956926,-31.256122365963574,0.6841002964637997,0.4420593854637947,96.39466259207444,0.42177010345570715,5.582567492605204,2.0043141461937872,-9999.0,11.43475551595206,71.42427262311627,1.6674818826600109,18.53222173548363,0.7303746606523818,68.32888794166946,-9999.0,3.3111120347195113,2.5161879031336483,9.224794053787278,15.786441159424804,1.1736414239799218,3.8250199299674734
S00029,rockchip,116.23025158846465,-30.967299849448118,7.877585230079205,4.770252806067994,2.437644094737553,2.8899171953451446,28.902640395920123,1.4838053858274034,63.471654247474405,-0.5,0.9486985132199826,4.352352044918558,55.34498693098737,12.68659057222006,0.899872198683177,5.988384454954044,2.0895118487788236,0.36133036409621344,5.1300929767321595,2.333896565184811,0.47697518935700123,0.9039262611568201
S00030,rockchip,116.05263178620709,-31.433487002811212,10.343611565640524,0.0,41.062387881631786,1.6927674672178288,4.9199034379221445,9.825663426527017,1.8262365909294371,3.7956811626516473,6.9369469189477595,3.0450469128871465,1.755888363715734,3.937780352625378,26.118260166328024,0.6600744984588065,16.70128687625646,0.5033781407696054,11.195401284799017,1.665149530356977,0.9844933504391742,0.0
S00031,rockchip,116.17239556919166,-31.758494066012272,0.7675348276538194,1.803580128906361,4.551176271539562,6.700367599011127,0.40115920422850077,3.6365357329563617,0.019271736849133542,0.9670651650942659,4.479263791294123,6.113456367267791,1.6938751636610967,2.6709018216451867,0.9109798634507158,0.46918811085768425,1.5518048831911875,1.1232272948001567,1.7760154711540685,8.223010408418995,-9999.0,2.2728533676470195
S00032,rockchip,116.63121808685739,-31.44525477002838,1.1900233231016046,42.55110350712771,0.793435747292977,10.064163073206657,1.1560533559738126,80.24855119908088,0.12854084648739336,1.6147562640397721,3.9442914534002664,0.07245707861398883,0.7065654118467549,0.16646634102524122,1.2817671352113085,17.807070372943485,4.7349388913512085,5.030377997107172,0.5317384317540326,15.6476240331671,60.04944502989934,28.858410358151982
S00033,rockchip,116.36575679940808,-31.612361273687938,0.9538600892524853,0.9689648607692477,1.4705233445679062,8.011253796097854,4.972201904700385,3.459267380527563,0.4519471693182705,1.8505029604454266,0.17441534400745676,4.803075789506955,0.9971221749527388,11.37875013939124,161.33232997604526,0.5734052643639114,0.8138172091899663,0.6745536284297747,1.149292797406773,3.080709769677646,0.5845370060194764,0.6239837859891649
S00034,rockchip,116.26327405798169,-30.880466929865662,26.50030773570084,0.14052883968587462,2.5658197245269965,2.711021455223093,3.8305350931073976,1.1897150141166672,435.6365478430859,4.17125813773202,18.26941029468913,5.208038765786395,4.415882242910555,0.49590455347829415,0.7767906972899962,-0.5,1.0111127375228002,16.181852273274135,12.691989024395406,26.265256701594318,1.7487806158496018,0.8825372407110961
S00035,rockchip,116.25695676876258,-31.12239960055473,10.817857913910109,1.1400624488291098,1.6278945807393257,6.233550889249437,19.343929388008092,149.30826514076097,2.5725954539403264,9.067801096544901,4.389519750765411,124.09021168673627,87.83243441260454,5.354184697078246,29.370846649399635,0.043513058278029315,1.9074516722641022,3.6784768437932596,0.24644742412688692,7.892210469368619,7.68042120123351,0.762689012228252
S00036,rockchip,116.08276273838683,-31.76884128271733,7.503811567706821,0.8723561565422737,1.8023144921686376,0.2618405252102189,2.747131317989483,0.0,14.336337038260442,1.0815111709996754,10.788138491018467,2.7008788446829857,8.105230367381328,0.8455216776893237,2.590920855526373,22.96319683389825,0.8139083063463638,4.695325840925026,23.73774332597227,1.1542881546526862,2.739655336840108,0.29429354551016434
S00037,rockchip,116.33564421777378,-31.526685409668072,0.5780551670847154,0.22195795906500887,6.427694631657134,14.034818614338452,2.0863075584192954,12.003366838843196,12.314946096428834,0.3370104904847585,14.999511647768609,-9999.0,1.6516787666515391,0.5435419366977253,0.5404198837884893,5.6425845649696065,8.99597934629066,1.652843880374094,0.5141503916996368,1.3840918287184703,1.1196274262112174,0.6665987236761032
S00038,rockchip,116.51286832217497,-31.76945798200987,0.2093204398722401,1.4532850510945137,4.702315663064109,1.4810562836558916,0.25641091221946166,6.60716373509063,0.4064228361074222,23.562141800321328,35.53454559867462,4.925838947818643,1.437505314065738,10.937827856752651,0.3178902576738638,3.2475200209729116,0.3598559820920462,-0.5,8.754035323736101,2.558144957380852,2.1751893866328116,3.1734660750997556
S00039,rockchip,116.027387598005,-30.989657276555892,17.21387814769224,12.01906656881935,7.652180072947181,52.19083308649967,0.8105158642202654,6.9206973934130325,0.18457725506493258,0.635761795045539,0.6080324951824828,5.138496541101486,1.0042234909665264,3.166056632032818,3.1828451223173175,2.089265037510273,3.1545455205296076,6.036823790551498,0.5882002523666403,0.2577723681347967,1.091023014040927,0.9339788016884127
S00040,rockchip,116.861045624957,-30.91337754502352,48.34559505609141,1.1149613238524778,26.84358483371271,14.6904844148654,4.319580496149516,6.070743450305815,7.124004833328843,5.66973570521234,0.9248233374443471,0.4272302097922136,13.327725477709292,2.890877756483319,0.5039564022749257,46.34413620969863,3.316009642909601,0.9200705549816592,1.1132102130666737,1.1851151878494162,1.855797848295135,0.00835777534913554
S00041,rockchip,116.33151393991352,-31.707394341091604,0.19498075979549628,1.5465014711282359,1.3401362003225086,2.0219686691253878,0.0,0.0,0.09722954748336883,3.9740085880358085,1.1353786469452307,9.277526325220363,1.8873046920761618,-9999.0,1.7448747875801414,7.850586855023918,0.17974800746458117,0.29001036130763,0.12415611059877374,15.047650609374175,4.883293333356968,13.618238304412236
S00042,rockchip,116.83619368023818,-31.379383900921983,78.43185649614753,21.237383038280175,14.452087630063692,2.806999004151493,6.634808177063555,4.717568749013152,11.781007553787322,1.6217357256343081,0.741241116237766,0.686546582049397,5.373093481637126,49.5287645663386,0.1561736453828958,0.7013098954802045,1.4027916252117865,0.7771337406691501,43.84662906080422,20.44421735901562,0.5740544820521205,0.21737298109267125
S00043,rockchip,116.02289169011097,-30.88779066509425,2.31864223358088,0.8847886315016629,21.985934191271642,16.056157512038222,5.343441653258771,0.3725843008443836,2.280550851617716,6.761107450197056,19.737449114186997,5.0026956061559495,1.9057574494156324,1.8768012178626745,4.625656896554459,0.20631215655710805,3.989034840672291,2.4118987627568087,6.43818150391855,4.174717913334663,13.744806506840883,6.578734669189011
S00044,rockchip,116.65544871665946,-31.674462260216007,3.498245802298792,6.878436824527638,18.93195415170922,0.09161335281795603,2.2931929712810883,2.092701354221581,6.848854097922701,0.4442158476313084,0.6036276785519293,0.7492533660787114,65.1742053813164,0.382617531853486,-0.5,3.546445448372744,5.1711339126751374,0.07673560774572298,7.032538760869065,5.373890238593787,3.031416769471305,2.848583589222786
S00045,rockchip,116.50587081403033,-31.527770356274363,0.37650313071510727,0.2098946867598675,0.0,2.13753613041002,0.6049906041487022,0.9153706764707088,4.285183502141366,31.37760739473241,1.538980626031304,1.9470677705031751,1.219837254302706,22.662639539355368,2.4840036883927357,2.7139178709378697,2.000784166768821,1.6418425265603136,1.297836005088683,1.7076545544285668,-0.5,65.10876795998203
S00046,rockchip,116.70829688303016,-31.515399296758023,0.18973290177796037,-9999.0,40.30718720850581,34.887744624964355,2.720615956747537,4.646922993668678,4.642452339142896,141.502403283872,0.23521731822233202,1.3422654500336675,0.9464534914529436,0.3617098783115909,0.3410622400088531,0.2780923416983661,7.503220337514802,12.3355563777238,0.6729181843003371,1.0405773397122515,1.6930797684809116,12.127022442359443
S00047,rockchip,116.48891068644198,-31.78961563472868,0.09110848682916195,1.973588387311823,1.046447954153473,9.653112334266122,2.5437312625356028,4.4870226325456795,-9999.0,-9999.0,8.150294344579425,1.871079417031599,1.3197197519595378,5.5444554708417195,17.095556438399747,2.501547928774832,2.3071791107921604,2.8518302464712306,8.71282354269127,6.39463779605768,-0.5,1.2751873471696908
S00048,rockchip,116.85106939672959,-31.783400712240688,12.75895730473172,16.67115057248513,0.17187145164917306,0.77370020512232,21.27925291908719,5.594135607856313,4.147072364451545,-0.5,2.24463712309855,2.399974239759567,5.134666207681008,1.8187716169086487,0.11476579936694721,1.149236777592225,2.774524463786514,16.429226913927383,0.4472279372410835,1.40535017643775,9.27769553645655,0.9482895948917467
S00049,rockchip,116.51516459441665,-30.866881119847765,2.401023734225431,0.69155677568834,38.84833179216124,4.356687045951068,19.931075009902347,4.1826493398524205,2.9128369998777868,0.08303179765459537,10.226336109844645,4.751549844593073,23.383762146710307,3.046517487787364,1.778166072709652,2.756426522095732,3.964900671622494,1.484783850442816,2.1155391761716618,34.31226151902061,3.8960272722852984,25.89607780659069
S00050,rockchip,116.67283688883126,-31.248581337944422,5.425844804158599,0.6791999332202092,5.871478947410075,0.6281101101753214,1.325554628923128,1.0939138873420458,0.34482778460533936,-0.5,7.779576494687239,2.353118804737148,5.151311641020049,17.10613816767473,6.290951626926942,0.0,10.918945973678609,15.32869120788648,0.416405732848635,5.017277563312354,1.104392351306974,0.2970643058352936
S00051,rockchip,116.76581453602014,-31.51302562550206,14.874902967455153,4.089933584392181,6.246725451911272,1.6287285678279633,1.0694208138257157,1.8376632027289883,-9999.0,0.39060492458478524,0.23173460788286096,10.092337896244022,7.844900241940103,0.8350475619654771,4.656799561242085,25.50603067331329,0.9865147481828125,0.36332356983077263,3.2737059783048355,5.301063829696649,6.3748819084498445,3.619442121497952
S00052,rockchip,116.60281623469724,-31.440999286224095,2.354434751304947,5.203490976435811,1.6518427222741483,-0.5,0.3568190969891708,10.811325497851037,70.4325928837134,1.4626665306939703,3.587257309844624,1.2209814185329735,6.368542751470897,1.091724890471055,0.41884859189877993,10.62631587875152,1.3096595150082082,6.684645171931075,0.1532983668114276,0.5547280955241559,2.7766334906048837,2.2329404517472753
S00053,rockchip,116.41246942004994,-31.104831018085655,-0.5,0.5749932587480835,3.572075747675035,5.840040737475804,2.122655917229744,13.487792484428516,4.3543431577209155,26.68850460978984,0.52936617897776,5.1787696959716785,0.2236831028756827,8.474643606458107,0.19996398598552817,0.9211235309446568,0.9966608498097616,2.310796850466114,0.29497397111560647,0.08392039467942686,37.281735543398334,1.6244363546623346
S00054,rockchip,116.16104984225021,-31.453156743376056,0.7881072514667568,1.2425384119829903,0.0,8.11835937477135,1.3346768636641073,0.4866672531042665,15.084599828792976,31.047645440925432,3.35916532116636,0.7797885034617329,2.6532703068241115,39.77455795629299,8.776583876176042,4.727387353022251,1.6515321384009602,20.74494425043936,0.0,5.299917933828577,2.5694260911012776,4.619428410056626
S00055,rockchip,116.74272537688245,-31.59191354383739,1.4529281180583502,13.87364839308405,1.0657681254628866,17.299557366749802,135.7737496647027,0.27351701451325144,0.6220625121772327,36.50680063358824,1.1284904902732311,39.406481392821185,1.6893841112038863,111.1922788891453,2.25802780799535,2.9881685726777523,23.088886251924112,1.464346864808854,6.835499936895142,1.2900046939878966,33.97845492215625,-9999.0
S00056,rockchip,116.36881101617546,-31.717836605330877,0.7017117128113073,0.4630067570133717,2.8136604056114543,0.4535773932096529,0.5101405308119716,0.9136259148812478,0.6060280831819961,3.1506909826156195,42.53864630811943,5.211914937593773,2.1993306476513763,0.308443681315898,0.54466893967868,0.36854464110101065,6.417880859324612,0.5605257981382379,1.2251011758382087,11.893078254770092,3.6409565503167816,5.39839190682252
S00057,rockchip,116.50894098982184,-31.09074093521264,9.518710473183747,4.536769108366777,3.221049734548954,2.81801163314586,2.967950011540693,13.037259495824694,0.44700806727485376,10.432225433752214,147.69377851632328,0.9552730465443662,0.7911405421798009,1.4485804263903834,9.269188847694506,4.939920199087133,0.498259318426384,5.812578474270556,11.886430848298662,0.6913453775985321,0.5739186346334586,3.3483359080223076
S00058,rockchip,115.9674593013677,-31.639108930255453,14.444881152836642,1.2506954625405267,0.37439233292197743,0.7591767572390696,1.0363541578342816,16.815919807040718,0.36874368917293926,0.1370836320285151,1.8829290691742548,36.66369650676085,9.998766406817891,0.578501411731814,1.1687639663297822,44.03604516635745,1.1044302063529063,32.16179586449876,25.817367296474742,1.2252967407121325,381.8684991071184,5.086154822871381
S00059,rockchip,116.38558408661363,-31.75002567700438,1.377976776060578,22.284071161973657,2.954850886693983,1.4943859763789153,2.8205321827673417,0.6790450401216809,0.23844949665739212,0.2868683742159197,3.153263320177755,5.916510086206059,2.9232912607718005,9.67773138819275,1.0140249528477399,2.8537670866470903,4.754781942684069,3.8739317903158623,1.7109269599229187,14.573235071983145,0.31023109784337743,3.1269177951326674
S00060,rockchip,116.58639040750663,-31.3927195014342,0.3363103020066346,6.492382942229937,0.0,0.8766421446904523,1.6485658651605606,4.31011260663795,3.8567383544167493,1.7642163376119664,0.08824689272980962,0.9604267929693611,2.896919460661871,2.9781464795983306,0.7408049364263216,0.24875817986912932,0.6978426221094297,0.0,0.29591852071491404,5.234074166349978,0.14014381760838732,1.0109188494147603
S00061,rockchip,116.47230467342055,-31.780102985119324,17.217339756196857,10.184269677992482,48.44974635710712,5.7494559326659695,9.182004466037812,42.59117191298063,1.5940401161044977,9.601748323708511,0.23074618719318624,2.2325099894334515,2.1796240672429508,10.14195786081584,0.870066198519874,2.844544663137574,0.9157516630960724,0.43935914568158946,11.57120789246898,0.6053292369874614,0.12098318219325335,2.734645715953845
S00062,rockchip,116.33678761953249,-30.854675888587792,0.7253335276724632,1.2136397680976656,2.330605161076665,13.190921329679574,5.261821092535848,5.068106192951897,10.107142224683846,1.433876448685898,4.851567991480022,0.49314236730887356,1.0576505415337674,1.502797537453012,0.8242766155694269,0.4401814289831873,20.438890831537083,11.249875282987311,0.26918692350476553,-0.5,165.59138259581428,0.9309219502325644
S00063,rockchip,116.11166008023645,-31.19238097935584,1.4855700492355917,9.363065373360325,0.5448509118407835,14.303744211614285,8.732901206700856,22.92561691333598,1.7064330778477839,9.061073330268444,2.5894648780738145,0.4929214713548971,0.187671584837375,7.762403430333238,4.4480276065252555,9.92848859299883,1.0832183431879725,2.5157974388022026,0.7012466792293723,47.25674246682061,0.0,-9999.0
S00064,rockchip,116.19790296357694,-31.666977136484117,0.5434133995473497,9.004419529754374,5.8698395586238385,0.5180105751784755,0.8798487508771508,12.159245843000566,0.07391350753500105,0.4817489037716038,5.113752773885058,16.65350303265435,4.085834647033073,2.0783818877402234,27.825541485933957,5.97328774926247,11.381625127063817,7.777345064797128,0.21190941011968595,3.371801240695675,3.373725286204661,1.6417701112888508
S00065,rockchip,116.58885712164908,-31.647219860482217,4.18366577627809,5.925311806594095,0.0,2.259295254522064,13.721374515674224,0.693989769914026,5.287921200993461,3.1678309954394015,0.8211578191357963,0.7063015000012213,3.223211809021042,3.3647232845920496,0.3345081047886872,2.1035679351849286,17.86752437458159,3.654064451009717,11.527633753583698,2.176985024352202,5.213299913705573,2.272465257891838
S00066,rockchip,116.11242346232618,-31.24984546665783,0.8564638949701756,1.7790617147218035,2.6015671040545696,0.49690677838887937,1.3197595335811052,2.044243643811977,0.12929995209179176,6.201700667130377,4.280183861380683,0.36554878430246296,6.057896748351611,1.1452678567509789,1.62985328947146,1.6540942883202363,0.9046626775495914,57.97506696217925,6.411726143457089,10.410859605362225,3.960547394532396,2.865772534938757
S00067,rockchip,116.50995937879567,-31.463108189592884,7.784316748475675,3.4691444854277025,5.383031690131668,0.4726773105616305,0.32976643202088285,2.863749320295329,3.749383854711828,8.466412028204314,0.06116076181123153,7.0541189790058905,3.029721678699768,20.9066109601655,2.1253152639241057,1.9771344472698547,0.7153782645619986,1.1780688423701557,30.79734815583904,4.610842667306773,0.1909040644483775,10.746372341793029
S00068,rockchip,116.47797037604299,-31.045407202742965,1.1739338340626886,0.1687960154424036,0.5915339653545502,1.0074304080849366,2.0692048735933346,3.1778347925240515,0.8546730306971989,1.3807944245012043,1.0899939170379853,32.77255525122746,0.5385178039662444,0.40898530429480623,5.456699345555492,2.752230686277532,1.7964309128012568,1.2445249129155431,1.4023039825158186,23.700577464884656,24.245749411450138,1.2869870625937234
S00069,rockchip,116.85865024287365,-31.27386746131176,6.090723628102484,38.03500527051292,50.630997530890475,4.5491779048534715,3.222148236565376,10.745568426215812,3.852664745183208,2.837699583800364,5.473079579143453,15.424063290580925,0.8251460195371167,2.2919542846729195,11.970971450878709,0.8535488256381183,0.5310274410525287,12.430225935761303,0.789810103591719,8.43716502331252,19.921307573902475,3.65201068934481
S00070,rockchip,115.94901460597146,-31.386340071405737,0.6790724996753281,1.0986873064183689,58.40325958996615,5.920213806866352,0.0,5.01797839990934,0.31178923886324933,-9999.0,34.634539103050706,84.49487399495725,20.270773586461384,39.303987404721994,2.1403232115052515,0.3390425641556522,3.2594250596489185,12.896143941764034,1.2371174650160284,10.589000142456097,0.4288536377986172,3.244760595196806
S00071,rockchip,115.99635537078285,-30.856693698865406,17.105401933285375,1.6449728928702445,1.2359254116366516,7.252485659875718,10.078389516057943,0.0332300259509275,8.736313341615784,2.321870668972989,2.280821340193077,102.75879682091553,4.385941197778203,-0.5,1.0453682336988355,14.999973284120221,1.9967525426721722,13.523281295676272,0.3681900026914513,25.49450118708395,4.430554035821209,1.0909594831397789
S00072,rockchip,116.39431622913254,-31.428944890720988,1.2842130230422555,0.3765525002271276,0.504095637883503,6.609695668349105,0.8051391332087493,0.3793635079679845,0.0,13.770364734226698,6.584654057595825,0.7042829873643773,9.06865901963261,0.7673388932939084,6.469545745596047,1.5248537979313206,4.668650341601506,2.667100909928991,23.172765098982957,1.7357183897237152,2.434834187933137,3.0362134983477436
S00073,rockchip,116.41534258884042,-31.419063023133333,3.111491849752287,7.45841033323529,1.2275100362863913,0.7620245846192008,0.7550760958890637,0.10217468091489368,1.6220574616194958,1.8324683708564327,0.9959592046286642,1.7038537951543573,10.787354731178317,0.8281636862951884,0.23220227019703563,3.49231435796982,22.09641071724513,3.711684535316413,430.50152357368046,1.1072227212881705,1.9803261035095363,12.232326037775914
S00074,rockchip,115.92816042229195,-31.153901525869887,0.45755848413987976,6.012346264953942,1.3299866099231437,-9999.0,2.718115285900143,3.5361828732388028,0.21392585685663928,0.8852379677392958,5.287680407422428,0.25770931840102773,0.6215172992304289,5.877385663087437,0.10904519016930204,4.170028735321022,9.264848161033429,0.3602231759555851,0.9178533075609638,0.3611016922308988,0.9815267167066858,3.5957742096306595
S00075,rockchip,116.71408818434624,-31.01019536280851,2.653500816544724,1.744949403520309,14.375505351360456,9.069526466125,9.835080983131247,3.8990443092721754,41.09154004639427,8.777057133875754,1.2958058677338373,0.4750421668602435,1.6310805349702715,7.205903344478133,132.3647954552202,4.406279662553513,5.66246700079803,2.135491570563722,6.613064230197452,1.9812507590480768,2.296796495942413,3.818569566809999
S00076,rockchip,116.38295626158968,-31.19345895607213,0.48375281479267046,0.08192028223269364,1.2597713611176304,1.4636960245536323,0.4387897308776405,4.157181987656132,0.6975444265884325,83.7480538222057,51.01152429731305,13.580539588291373,7.549791383822078,16.1974784790411,0.8091125494372331,0.4673265591091387,0.0,4.117287855180729,2.15279352301139,-9999.0,1.2333465524749476,-0.5
S00077,rockchip,116.23487651012731,-31.12106372487625,2.5450686511106326,0.9348836078320655,0.47592652500211313,1.5490169314206246,11.144458806377367,0.6450726056825073,4.032599350428059,70.80330223012503,1.6598010776561598,4.117672434365593,0.7998727587539982,0.32827959172733523,1.4614250423858466,0.22008086173330033,5.286011401763463,4.12062468856122,-0.5,-9999.0,13.414845176804869,52.1064257875322
S00078,rockchip,116.20708653410166,-31.446742378364068,0.6425572556738383,5.419665231789334,3.1656558646886506,1.0137817285982949,0.10655970995362499,7.472398318678165,0.6548700782330621,4.023426560718966,-0.5,24.16021366332494,1.4734884171661242,19.563979974344672,6.145522521176655,1.1240758292730852,36.01521510799104,0.8723104710876083,0.0,1.0830346752681879,2.6078811027652584,1.0278460967744834
S00079,rockchip,116.74963994504097,-31.34017711045242,-9999.0,3.96351957106577,0.2904626191710431,0.39150190358923004,4.463806811990094,0.0,785.432847723587,8.634403643884173,0.0,0.7421867269582237,-9999.0,0.7031779419827867,4.574472486985615,-0.5,0.029724496520282355,0.5225593990670802,0.4893696947072949,11.513282758447723,0.9619263078824296,0.22275668745856217
S00080,rockchip,116.08496562991496,-31.622638860462715,5.467828379037434,2.5362783584229276,13.490592623461142,7.3819459544321155,0.49930344929959247,0.4136547456426522,3.4012127392508087,31.751638769252867,5.775750714171482,1.1935896611693162,0.0,20.1259630626326,10.255944191430123,0.9121737413263257,7.645168001350957,13.01740917202605,-9999.0,8.74093548918855,2.6173973063422404,9.877665321335144
S00081,rockchip,116.04865046891939,-31.139427456232156,0.34697324345540814,1.4391871958307974,6.685821051275103,9.328672077235323,0.8205126685107643,0.3014782809157628,1.0810883997265603,3.9037789576583775,1.5712144011954434,6.621804977600784,2.236197574235812,0.2409575205396442,11.094445978197307,1.5961874938082308,2.1403345270435876,10.288505494383601,16.522669381980073,1.5152799778935322,2.199107632071121,2.288220498342657
S00082,rockchip,116.10141129271007,-31.598222006503967,2.5464676792451963,0.2546334490538395,1.1053539464934736,0.6776809392922003,36.84910292717217,2.717744941069682,6.743898676379613,5.4301793842432895,5.026570786389645,-0.5,1.3116053637184022,0.5112322668232889,0.31233414495467776,66.08528604389674,0.7598057241224112,1.9185983567009044,5.8313722021082395,11.756876225071622,2.0645711397596918,1.7253626643336781
S00083,rockchip,116.51325531113875,-31.818417151536867,5.015155282558007,11.539844412065918,1.3020218321192212,0.428361391676004,0.6173964315926791,39.951787331380515,8.373673655359863,1.6745571194878561,0.5586862348487458,0.23400390785033176,1.4950825167018613,35.92822547952302,18.245546389541094,0.1706508150984663,9.040304666366982,12.790496378141247,4.441444290011802,3.400265782092618,7.505477899280827,0.0
S00084,rockchip,116.6991636191152,-30.885911827123927,4.9833760172859645,0.3134292276180361,3.9475795190855663,0.6671067635792034,2.4983602017667463,34.799886082996665,4.91306706217509,94.81827717074296,-0.5,1.895119305691413,4.066143578962995,39.01930235576605,5.847795814743921,0.8758582695683916,-9999.0,11.125252000441947,5.8388027141378425,0.19073074415405666,1.7950603383265122,45.040943716896834
S00085,rockchip,116.21921145727497,-31.513658705716125,48.30686174857038,2.000957931977368,0.5196656415617525,3.207099506632787,0.5487750528676664,6.328774026322856,1.673176364962885,7.989518493624154,6.196053384363593,4.948133283704872,-9999.0,3.159781915838751,4.792362340782127,46.75429405034475,8.695851677399371,0.21924081506459914,6.7655074089250355,0.6169617651830953,1.1541695093849422,4.6268922290885675
S00086,rockchip,116.0616947616016,-31.623041904464674,0.8897963528565821,0.5756033246379303,0.8337317604471401,-0.5,8.617398353787324,0.9093774746420547,5.2633134343181665,1.8204689526787874,1.4419412281687163,8.797585491647359,8.558017471635132,0.0,5.123189613706928,2.542383411420015,-0.5,2.3259547478047424,15.435115302219986,0.9173698821871301,0.35339333810551943,6.200480769222086
S00087,rockchip,116.09742693111541,-31.551527215964903,2.706854441112075,12.067724770122762,1.9384338528558824,14.756961977967947,5.019920768197189,10.280655157112323,2.153270111747881,1.1468273133091502,1.5606753622185656,11.834866074419859,3.541725803664377,2.6536058300577214,0.0955186240653311,0.9427277462673788,0.6602050987118132,20.24643923161251,8.42042630898914,2.7603725829241097,2.683461664527707,3.46919797241013
S00088,rockchip,116.50741654200463,-31.48922624931203,37.3967082692517,6.508057537932123,0.3759970593479996,13.4898373947833,-9999.0,1.3790069004991665,2.6170826639309945,0.16766061101302185,1.0573143003037668,2.430656961126463,31.78734476390477,5.0636720737860985,1.984001004984857,15.692036831825042,3.3768436798596624,0.25022923121799817,2.519120884380034,1.4281973482712194,17.60230691346895,4.075830053937611
S00089,rockchip,116.13426798970102,-31.345127520482503,0.3464958890818448,1.5907356196503177,1.3750527588106478,5.137247426003418,14.824838303685569,-9999.0,0.8368436784911992,-9999.0,0.31543004113995987,0.42604486494151356,7.304658064592505,5.796277699180181,-0.5,2.953071026291687,10.07194603265973,0.30849051482364676,4.6161202305563185,1.2294015384169996,2.2575625481755313,22.1522022480289
S00090,rockchip,116.76551299483815,-31.75032227591208,0.08661175237967597,7.665856421821664,0.5435745699187928,-9999.0,1.6376877554594853,-0.5,0.30265727053243113,0.9146404187343224,5.067332722875058,0.15134405566705764,9.08614341618006,1.747001947741894,0.5138004646338361,1.6120995655942023,1.5210797745451607,6.958220030176402,2.456792175943208,6.4977460915422425,1.2805650941969227,1.8658524159349514
S00091,rockchip,115.9921241179011,-31.767000790725227,6.069993248781445,0.2900769746738583,23.087670731623508,-0.5,0.0,3.169498259245772,6.327280362357782,10.9407125830946,1.332695822187568,2.0680600583121183,2.1285194249793116,0.14908929320873385,1.3075871896474438,3.627535131709792,1.7584372922904628,18.88781050261838,0.8876164497025157,8.849620771345345,0.872970274690362,0.30562197447170186
S00092,rockchip,115.9206012974923,-31.526763181392607,12.998517888777705,2.4127159934741846,1.4841562677894287,5.461541042993115,25.402792855608045,1.0567508621278323,6.749377477127426,4.433413563427997,6.262987633699172,1.762541291677917,1.5220795838741084,1.2025504155838713,9.376234340456959,1.0129195311441141,187.35409355189975,1.7862781732049982,2.5157194391972535,1.0748403308112344,0.20479379656128466,9.994970148870648
S00093,rockchip,115.9766110094477,-31.523907815733583,0.1147460136267959,0.5586147923348034,0.6568917218389386,0.38663531645728333,4.164798968123689,3.1413277764817855,19.00986689964384,0.4138695304931501,2.0675613145580836,0.8236412832051,4.778114417698813,0.26381559452182235,4.182001320687307,-0.5,0.0,1.3443394285318628,2.2916777048183046,0.7598743023065467,15.8739325513353,5.726201625673338
S00094,rockchip,116.73387588387311,-31.702027719116444,1.6825302193865639,12.649212295150699,7.475824297606178,21.883199926950002,-0.5,0.08637676660609689,2.923472123670931,0.6772082849139405,6.835937076717165,10.377517811781251,10.58379253463412,8.573841933835574,5.239426242503505,2.2924121608759713,15.259358967327364,0.21253109135217332,0.2128563110987093,18.107063945868518,5.624053264189247,3.196222741551118
S00095,rockchip,116.53946228315245,-31.414882352610142,0.5904295574037207,4.765651553891188,1.0589429681729927,1.3086166556153165,0.44599985783128515,3.50692648604575,1.9667834431313669,4.14708034833395,0.20796780646438498,0.48608073716447986,3.5312962181257386,4.727233994935885,1.3916649057044717,0.5966077360355652,0.30409082398498627,1.7376972241365911,8.691994582616136,162.24682105698508,8.623106783982687,5.507604988420631
S00096,rockchip,116.84597739660403,-31.535645278727895,4.325435884732772,7.206003706714671,0.5201029242959099,2.240723392508301,5.277278061040133,0.07088604112790055,0.3280073199203698,33.45541891156661,0.48721051317700376,1.0070411268635333,1.0515467444406463,2.3005007772335313,4.7800292646034395,2.7622345388559704,0.9410274027486177,0.2988111138192983,11.208754989674945,0.6617605705778433,3.961427109238,1.5587491450985436
S00097,rockchip,116.22452930475654,-31.793618394135606,2.583715836380949,1.1854669216601366,10.291258839739053,113.38636558045648,0.5166512228452573,13.900299405974483,2.5618104888962154,0.5205132911400083,0.7688533011352072,15.645763756013446,0.396373644654745,1.866096587674845,2.0166255142085436,4.62561738734652,3.040501470396284,1.5968482861788797,6.145458536586399,10.34713416213114,0.8121774769949607,-9999.0
S00098,rockchip,116.10091089149648,-30.933953166509568,19.364068307925173,8.307980623949415,1.6741200648138335,1.954215484776871,0.3623679364034167,5.94670242240906,4.665976814239741,5.41084466043996,16.372141117291573,0.8500648338791035,0.25352563105736575,51.891570604149564,11.287381084851843,9.772679477445735,0.6054965965917114,0.0,10.247755741726923,2.2066183691175496,1.6900112256893522,2.230999339088077
S00099,rockchip,116.45020800280054,-30.933654928887087,0.3615759858436384,0.5089169377469062,9.597781291931941,8.240843642959398,10.232951143302081,1.7896191697061123,0.1773539261990029,1.3935467148332934,-9999.0,4.413823216780557,2.89742010453637,15.174107377564644,7.717491040408207,14.759507896562651,29.981962424896704,0.3899761700686165,2.08785306562016,7.493063765029025,1.2829867229324199,1.1193717768323697
S00100,rockchip,116.42606104261353,-31.610491694017202,4.850346594461621,0.6311014120378219,2.6575886616945747,5.881422765204057,1.3658863047740344,6.322279288925252,-0.5,1.45553311655276,1.830763204521296,2.6794506337960238,9.243712162781865,3.698700720397816,3.4546682560174222,1.4790429860188234,-9999.0,1.8618469570787617,1.2572022718981373,0.6508838362077718,1.4545691558163147,16.179729198045628
S00101,rockchip,116.4792567516821,-31.65680171876633,6.906191878379122,0.0,3.299589867489203,0.36816357381494724,102.42186699851337,0.6268102636237288,0.9342079422308454,0.46759971498392533,1.3279126526572582,3.914940484939013,0.08589825386284261,1.2127933779500404,0.8171440564750722,5.749551845786679,1.2210144064141135,9.88965176348543,11.28368701388671,0.41577047994104904,1.4680084187714315,0.3268062010462135
S00102,rockchip,116.23576662614713,-31.272381182583697,2.931499161879698,0.6689240377848602,6.326633008926065,0.6067644753513635,1.0138971397449636,3.0300019813208623,2.025566828755497,6.956967306511884,6.646914454690519,10.199284078436705,1.0928507871006061,18.82142513045336,4.093845943617616,5.690426317434571,39.48330443053876,0.8484444208986545,0.555339766094053,0.5045364786486006,14.25581013066519,93.81485925697675
S00103,rockchip,115.89412970352357,-31.188920443949247,0.13394298853385425,7.8806259204478195,1.048917793112864,57.617881673909174,1.289122841314814,8.954543505238107,6.663573988363582,1.310704978849188,1.1233213883878999,4.427949928213958,0.855608345870734,0.0,3.9105540123066316,4.444769776112092,2.700999406076117,5.0120287872579095,0.5272077273409072,1.166249067935057,56.40582759007447,10.135491903071664
S00104,rockchip,115.9232644164274,-30.862131389483604,0.0,1.3361810875706877,0.0,6.480154895902497,4.65907788696891,0.02621472839619539,2.6886258578959183,1.6043294131665378,8.19399339044069,0.3396597204519815,4.80135932694466,1.027888849341785,3.2511246434094385,1.3242031516867554,132.16941889127008,9.16408380145423,5.323910507385154,1.9115941445153128,0.7346132250445909,0.1888195839590474
S00105,rockchip,116.5520592249093,-31.442325490290866,0.9084792378820529,0.5374125959649328,16.49001768586944,2.6503388279100015,3.6945087038578186,1.3898050152213497,22.31015009359981,11.89945289785604,1.9708648036241172,0.4377568490081714,0.999787523148183,1.1208881800868535,1.3313658967733728,0.5815247656396568,3.377139994356857,3.0576041037724173,5.109720962384068,11.219924429577947,2.108939875407519,1.9420624089098435
S00106,rockchip,116.41149081164227,-31.20147360406612,0.19890762619686422,0.44251856631253106,6.477787130784983,1.2171692687265165,2.395811713460196,2.6275025776483125,6.981119049326075,12.868169433665901,18.90707504407707,4.230140428297546,0.42926481681215756,7.335991509556352,1.0183534195733561,5.771908760917502,6.451348156591814,3.1532357543766847,10.969390245835152,0.7786482853537992,3.7628366741386587,2.1110408636103735
S00107,rockchip,116.70924402313806,-30.941492901126367,4.729427187463641,7.7375878310445465,2.456537963041151,4.393456800296971,2.3118670648984683,2.024979492570108,2.1760294013412285,0.9096204790821053,0.6590564376347462,0.6844210263595629,1.0903741862818033,11.34163210614513,4.408593038170428,0.210074333197438,22.194736401945107,0.5236522811699041,0.20894932402610697,-0.5,0.6245778209603772,4.893119053550895
S00108,rockchip,116.18864262227358,-31.36972016114983,8.591750616829886,0.059838065237413376,8.967001763499098,5.066861535481196,352.2172270833939,24.18306849533781,0.02521353512936439,4.243588763807734,2.2435028810523843,11.392185973752513,0.8619582396769027,7.052630109321034,0.7508555405102865,1.8189162399099292,18.475583040985576,1.4934761133621317,2.347583822996994,-9999.0,2.9423786055150964,0.6162716600371696
S00109,rockchip,116.70370500071796,-31.697328195773352,1.0799346036887987,0.5965702380389692,6.111911446568844,3.818212229653402,32.82387956834524,0.5036610850601596,12.113009092121658,10.584597007730082,0.6849505423703207,4.321996901680744,2.771763584885182,7.2887726855001205,1.863291573899664,0.05898650892729239,5.847990507278914,3.4669919669301916,0.4987999919584052,2.944866828448725,4.606444728930112,2.852049946088128
S00110,rockchip,116.31372417693832,-31.442226661100705,9.494972702670449,22.2948826809831,11.18925900264315,13.510144821287343,9.633876160667768,1.0706448546419818,0.4633208276723001,2.0643640630105478,31.258872439148487,-0.5,1.969563919076399,1.722184825268699,6.5554836888230685,0.36618975082955535,2.1996307840193325,0.15686775192632596,9.805479085525349,4.170251333851364,2.4181023209663612,2.2666906465448893
S00111,rockchip,115.98493114903312,-31.68310702022738,9.639042539960316,1.6216676023926857,0.4895582552834198,0.7406049896245812,0.4325184488049998,0.15353855981993497,9.755169880000622,7.430605096574953,2.8046726805032316,46.22978382546913,5.27892332472482,1.2016882958643786,5.271063046900076,0.7292775388691572,5.877897030056496,0.0935176617646317,0.0,8.314158354118103,6.96253059068423,0.8990401867828532
S00112,rockchip,116.86614432607747,-31.803034482728727,2.648036682274101,7.961996536537357,2.4687981158613015,0.6058928309499197,2.433021540422122,26.191370254481097,5.670537504450809,1.6856576659394116,0.5998827012784664,1.5693136935149299,2.69291540858454,3.3969297101566287,0.4790736356280545,14.084660698064978,0.7990943478159187,2.1602161319085673,5.793540066987947,1.2389218028799949,2.7196225043262974,0.7296952139161067
S00113,rockchip,116.4001686926323,-31.068120890581653,6.649276339137594,5.161612245338999,14.801144368656736,12.995533713817526,7.321508848530358,-0.5,2.0174231488266416,1.617293554070883,0.7024653077233438,1.9858939309427215,12.459099354297207,2.4035889689819085,4.253690920852342,7.630566100695203,3.4150788371187155,4.79811062841965,1.1773053402659037,2.644502624177684,0.03692948847790605,10.785546707797158
S00114,rockchip,116.51771127744912,-31.58125024643532,11.758068109553822,2.041507583557473,33.64419782579721,64.65277842564726,8.35056058694558,1.408304738547474,11.358165146504014,0.6714789365560592,5.877167210329297,5.12340098778183,1.3883113952665451,0.6058095648044974,57.27258732458621,1.1842361578740077,-9999.0,3.10236660738594,0.8843717889645419,1.6758405337971818,0.6435501624574202,0.21333879073276613
S00115,rockchip,116.55902994997635,-31.817666901091705,5.974914038215021,0.2257412438601129,1.2166395971731765,9.620427131283057,18.474863419167885,2.5124942291678236,5.939112054052414,35.44533399669504,0.17768206463324757,2.387018861338116,6.89060493225702,2.5899152702876735,7.488685444860446,8.117763560831403,0.18799828094182586,0.23888918254118216,1.4655888454710886,2.39993429589869,23.3036706422229,5.56678898654531
S00116,rockchip,116.25064501571366,-30.94724158939553,0.08799482805813816,0.37202094107288214,3.451290010415676,19.04168584419774,1.0390125089557103,7.05935538888057,4.448396049990458,1.3145053183349258,2.0806272619575688,11.501294005487393,4.378807282272019,7.651875306925273,1.8005958387843588,10.292695254783288,2.9318691248467275,14.22950465072577,0.7697522352949662,9.629815023861758,5.932365828379113,-0.5
S00117,rockchip,116.63576108334892,-31.37588510843977,0.06200608760959687,0.3627361758468274,2.798276600541944,2.4296301541002254,2.5656095915449972,4.577006149673608,0.20711301582900807,0.8172611769981369,0.7568096013029708,0.5903670222688061,1.7452591340551986,1.5134994240708946,19.3219539895866,2.1361448392526285,18.054894943281514,3.1750142387084432,2.1407115558102707,7.478251254156652,0.037750682994925615,0.0
S00118,rockchip,116.7584992288378,-31.580814067297453,13.451542036145817,5.601733438603627,0.42051638972901584,4.051845828007347,0.0,144.29016694744544,2.88571400845816,0.5666189910320647,2.1394165668984306,15.189506392593586,7.6291467907368355,29.396573439139324,73.61008617991591,0.34076328681198853,10.899391504418352,11.658564060769264,0.8813520539282834,0.08861792570296484,0.2821714914682568,2.9404400869513947
S00119,rockchip,116.27541973990064,-31.556883974575257,0.967900084642756,7.421423315059187,1.765899673179688,3.9708672373908858,20.1281692164779,5.370407727813837,0.4213720579418624,3.085685528181097,3.1641015607478344,7.549610746751383,0.8160042124509027,-9999.0,9.924781109851827,1.9899938233767964,2.4039940855389337,1.0429184941443408,0.3421610779336415,12.143784306828422,8.026353753724583,15.568388801681488
S00120,rockchip,116.54523365011833,-31.57913605362563,1.291834008542498,0.7274413741407684,0.2546057476010937,2.5014236464353816,7.754246493928561,1.3527395821142119,0.5252364853608035,0.5913035781301834,2.345098958858245,0.8507837183032586,17.45725005551066,0.7895989740050395,0.2024351916385926,2.3470550973469306,37.35566402223612,4.045118753362491,4.811311181696616,-9999.0,1.14541632434528,0.9443322017711498
S00121,rockchip,116.645356587464,-31.625117785741406,46.293010398930015,2.4153452942623854,2.114921267460346,22.577307274691247,1.269961162700157,1.1711250801340718,1.581361758142349,0.9334899772486659,1.8235276656880817,3.9649343677518165,0.8482682782515625,1.1512189140018303,6.856654346009762,0.4279788133067457,1.1576683205524856,5.933308622843221,5.401820529664448,4.914576363590779,0.047199905545732265,1.102434985648035
S00122,rockchip,116.07835866117587,-30.978447722356382,0.9043671818435929,2.751571072687453,0.5729090418029609,14.494523847525269,3.808810153134279,1.5081165756035384,24.413253766183363,9.010902783782434,3.4846718449955034,16.747905965327178,0.36386516404585995,9.334670469251986,20.556587193204287,4.714157378956116,0.1530869845457174,12.265411920514797,34.78304267622936,1.4749913375327706,13.317591770882775,1.292753549969859
S00123,rockchip,116.22082884788276,-31.649342312560808,2.2084779416096243,3.0565679377440325,3.507390003819691,1.4935392980570192,2.9313530357027955,0.28571645187981465,4.702461883336138,5.328525810641914,37.51931842910644,5.943724661164693,0.3236453267341851,3.7380794700919306,0.12295859031436375,4.135953032873941,0.10298705880651002,10.80452430594703,1.4193646983852808,-0.5,8.051080551009663,15.611196775715747
S00124,rockchip,115.99702860986774,-31.257819263051278,2.7695993110337764,0.8667714308630323,1.707711499065669,0.23030158533455158,0.7262230989567444,2.885783127805109,5.190877003632067,0.3613260395680467,18.372023401678014,3.390891823362544,3.1162681486916557,0.7195844156988586,11.08589147944187,5.299243369214626,0.46218667508083344,0.8186807950620882,0.15956451034172509,19.549215780973267,0.7835121896721761,18.886372312569844
S00125,rockchip,116.49044122773499,-31.74235370225849,1.9749936010796065,31.724314238414554,1.667419764364896,2.4710386892085623,10.970933247011448,8.803964745765791,8.633415158918549,8.062599329611674,1.6379158596443815,6.914873069086432,1.1662017735677714,0.1639150422354423,2.0043451433048545,4.130442919902734,9.25290091595006,2.2849190176238334,9.234552301183847,4.50016205786127,17.593657250305096,0.33492945490846904
S00126,rockchip,116.68917045930763,-30.870152570752076,20.411983097462247,7.514325606792575,27.942036223362884,0.4809565828212324,3.050980884614034,1.083237886545814,0.7319665578886602,2.855315245153537,8.064924136866516,7.845673125640871,3.5674807237026154,0.45835365494061076,19.553566369482787,8.123528082052264,-9999.0,1.2400902776534197,10.931345348096585,18.106245086026647,0.8293475168997224,12.297071209392733
S00127,rockchip,116.49907142007172,-31.216360042484755,1.5497523828281063,3.033222686423824,-9999.0,2.8165495853210856,1.2287775562679946,0.8097173163191623,0.25547909012856423,14.965414727542006,7.493361132103245,1.2729577979818198,0.5199502129150338,0.19594452118790998,2.4430956698284585,2.077173256642637,5.427279322421307,3.3684155648624494,15.074468080626957,2.518205541525439,1.0678451781812675,9.284649634501056
S00128,rockchip,116.06801659446383,-30.916521435728384,7.996676089239453,-9999.0,45.482770237009305,0.5412906555893942,0.707750178304801,26.41462197301927,0.19573878639054978,22.80510066122269,1.5394041740988775,3.4388431395641894,5.643344868180147,10.076575614292349,4.548686809801042,3.6791349663470236,32.11827155038019,0.3146334164519647,24.7045269723653,2.154668725558599,1.3118743163171844,27.949301707981125
S00129,rockchip,116.43460125451293,-31.42179616745518,3.0204048547650535,0.77852616617838,5.309816620031514,17.899538922735392,9.795220292650008,0.3199070689387652,3.844357972310467,0.24340925212307873,2.5917863842111952,9.708480874270347,3.5826405621174,0.5550899365574291,4.664538770142373,1.4968899269337188,0.5219698539260339,0.2503602232692397,25.236619476154196,2.76839324996089,-9999.0,4.843618416814099
S00130,rockchip,116.7231669120132,-31.009001890168268,11.592965762072874,-9999.0,9.238035823931462,7.588501036950573,4.064180197161082,0.12224505947747871,11.941704222618062,8.558676313985401,6.087723104974274,3.318082489143494,1.3685747136515285,7.544691960434943,-0.5,1.131168508290649,5.571975158832781,97.36504728370576,0.6280316775987728,0.4048595145588835,5.048350977410688,2.5436748317041427
S00131,rockchip,116.190957559565,-30.966019467481367,0.34717583147469694,1.3355483122902059,0.737651673738547,7.316977765678324,0.9588886262337801,0.4822209268558832,10.688032631331229,31.570334128158557,0.9089075898878953,0.9265942727422324,6.939853190676002,-0.5,5.315654087096741,20.234204128894064,6.100950684680721,49.551773237660726,27.718951037517282,0.04800198551477997,5.930791178270614,15.147341376520794
S00132,rockchip,116.72088426573943,-31.11672465575201,0.09251874668399947,3.3221025806315407,0.9602919132915866,13.575663702391527,1.288201431322745,0.26964497957157046,0.7814752711163226,3.722790415336552,1.8947849359497857,-0.5,6.440393866151799,16.238461491044287,0.7056430960990606,0.12673549862963301,0.7474357110429652,15.624949015661082,1.6618759302456665,0.0,1.366439615685701,7.755138743031347
S00133,rockchip,116.67285604725677,-31.726726480476973,2.8423281293600318,0.1573997145917156,2.789593311968117,4.887401962864482,2.7408828933992093,0.0,20.76446888439408,7.631814120591742,2.0207712811966583,1.5133159855288802,3.1208751762512583,-0.5,1.831825864415678,10.126340342439384,20.72449611601439,5.62000041938099,9.003876815146691,12.690455301938211,7.84110729026216,78.83425584318209
S00134,rockchip,115.90997357132346,-31.80359386052477,0.762482687633674,1.2279047597826163,16.770356856733063,6.173109504411624,2.9913224537063337,1.5824008979162492,58.23947358948383,3.8093354940560875,-9999.0,6.509960370169823,10.28743301563076,4.988269332250049,2.6915825253778665,1.071638394126036,1.765509675477591,8.698916098323421,4.011796241498023,22.89243104862415,0.24990137023389988,11.450824858426534
S00135,rockchip,116.12768757757229,-31.651114274874455,24.46686790541986,2.307969547708345,1.5770704308472099,23.383908139249687,3.625824208835416,1.9551549184353232,6.762871912897039,11.812249850198805,1.7099240621739789,23.11192785771572,14.378707706774827,3.2626023398714654,17.210791225896926,0.8824463665539158,1.5286278892615652,8.734470410643862,0.6318371092903535,0.13485626274584342,7.607393914996361,3.4223312285550214
S00136,rockchip,116.43117516928451,-31.701577189964,2.3998389218965674,11.608276280941846,0.3175314416150574,-0.5,0.1913243386071349,15.32370943862519,25.302910810383853,4.831877441789954,5.276565603000533,7.506243997126604,0.0,3.2762516389086764,5.620879557504679,4.024361344464819,64.54869031536616,32.52574403181733,15.495311916637679,18.72792998527652,0.0,0.46712585045426314
S00137,rockchip,116.60585013350604,-31.094536282730836,-0.5,0.6814815612064948,4.938124176941984,6.737392642655447,3.2563883980174566,0.9636739268524244,10.07173923950225,0.13086898764196725,2.8284663159244094,0.790170108346632,14.86016949005682,2.6418411287002357,1.0137076769404245,0.2910051196907208,5.9545171330513815,-9999.0,-0.5,1.117969639223101,0.9646096340701033,1.1372626994469326
S00138,rockchip,116.76876328913961,-31.262667126241336,1.7142103772148525,0.2926582130226414,2.992076013646819,0.5600620124592728,0.43660511848961925,8.694008564045097,1.925963977311892,2.266409585540219,7.092266083733757,4.273916136246853,-9999.0,9.610654258321432,0.6841740202538313,0.7992874722143636,10.89098981076306,0.8724609570010422,44.1751159442081,0.31994696274406154,5.059022085759419,0.3153940507955935
S00139,rockchip,116.52927508175468,-31.29372308238507,1.0232553869920125,0.0,1.1894427070108975,-0.5,22.83983805558532,26.232109105999683,1.0031321711335888,2.0570680256259037,119.12715058974837,0.05672093776009365,8.647850142592253,8.156759147599868,7.258119902797085,0.7605530068060656,20.74570831895667,-9999.0,0.8651392537689305,13.314318883117371,0.7244220463283015,1.9687659908763364
S00140,rockchip,116.26857693473632,-31.566806646602537,2.963171386435878,2.4692521907820217,1.5533351353328697,80.55382386264058,12.992723755577723,1.3723248233283882,0.24180655535643125,7.93018573321012,0.0,2.3408992027654234,-9999.0,2.708026384051804,1.3334430061536444,1.9501428235162133,1.0245863814026073,6.64115177604212,0.602494518203164,1.2735830940003015,14.262965542987047,10.903691371609533
S00141,rockchip,116.0728599702241,-31.665066410193635,12.454576689723254,0.20535083523359007,0.7359371879584723,9.2279605907166,15.411217030489865,8.211489099561168,1.394946590275299,15.883320193300309,-9999.0,11.137243737688758,2.091794495497925,1.3646563940876746,8.413110736979966,0.8136650108699099,17.720668063744558,1.8547253353646695,1.0057103276749297,137.45584580373392,5.992912577257936,2.703354386488752
S00142,rockchip,116.64826861894922,-31.613125977161783,1.7008356698867293,0.22129928331190227,10.868406854782384,2.389319330752096,0.06799368925062403,1.891316469312117,1.9055159495206997,-9999.0,5.829152094512535,4.969417953228665,2.509554180856209,1.1484907631503127,2.5000748205328764,30.01442286977785,1.2803824565786457,1.1865400268430801,25.605365302193764,0.9901845536614592,4.690147476206302,12.586035467843104
S00143,rockchip,116.0950143228109,-31.419396939516197,1.53075570895603,1.0301311733445842,2.8150672339682705,4.042288223561166,1.7353814633232763,10.87152725671333,1.9697544874316064,0.4328715354777029,13.983872790116816,3.2062564983121296,1.7357807595303445,2.8666446143016504,24.292286193909078,40.266697990695725,1.2008923626702268,23.473072221629963,0.25903297607332826,1.795830427765865,1.3585823223794797,0.0
S00144,rockchip,116.58366328495504,-31.079530740169726,9.090457777105433,2.397385859532964,3.898984305920683,2.6339973980768105,2.4181161998505107,0.2573717396635837,2.2959066115063926,4.3030476164678255,5.215748651959916,66.33517113105859,0.7892956830021872,3.791394441343051,0.8998530437810964,0.1309433772280112,1.8076000776957257,0.7744320523664396,10.693111019361018,0.6282997149477695,8.695213863748071,1.4849209898767288
S00145,rockchip,116.06944438085799,-31.565157330394207,0.21718733083521158,21.844030785873816,1.111110828923371,3.847989983145992,6.439782192246333,0.23032397650686923,0.08711328548616624,0.8488079936287581,0.5276742410890609,0.21071732064262694,1.0442780874576896,2.369808010088883,0.0,-0.5,1.0691914916609504,24.605859869315438,42.45907895800186,3.40365816900052,16.536429622654087,3.100110427884699
S00146,rockchip,115.97928661379625,-31.121060945671957,16.162738486428378,0.5370258762172365,20.172915228888794,1.49404876188768,10.499334159335534,1.511493791377336,8.745543942789837,1.0951687353501114,1.00639358851944,0.2948758413130574,5.72549270026452,0.39152953080572106,11.884257924144428,9.855159829801151,9.329996586400792,11.52772872736895,2.108395886121807,8.985367826206488,30.275507452130743,5.518714962740267
S00147,rockchip,116.13933298719331,-31.328162126525836,0.8109647695700168,6.099249253317068,3.7855645503505815,5.710501226580758,18.67038279586702,0.7164927047231682,10.408577794157939,96.84752348037725,3.386117316066568,5.602091366323096,9.81138808151962,1.7211831687278272,1.4041119450012605,6.13787016664754,4.058510290333667,47.84314529249045,1.5073760504438176,0.2028246866295797,1.1996974430786789,3.3495804450005937
S00148,rockchip,116.1731625690119,-30.934233098419885,11.210397751121807,-9999.0,0.10951392444216197,6.022273852535838,0.08418338144894731,1.2522429906749446,4.742416538197745,0.9835485711353829,0.9643623649462211,10.455609045445184,2.6600465353747427,-9999.0,0.7279672641156468,1.0129124148387345,1.3010392628781406,71.85550787744158,3.0643759071201346,7.269576270941174,9.279480630145061,3.4076617193213217
S00149,rockchip,116.5354418979817,-31.586759386041646,4.223938792628202,4.671318339813103,5.41933108731484,2.7454829994632646,0.0,1.9556255688684767,0.4704722998023542,0.25993798665199314,0.29681587194887693,11.114751549166263,0.5974019923363127,2.7804679544876136,48.98587957959894,1.8848658603732948,7.476446032503585,4.736742923251533,0.5047895129156227,1.4725657638228478,22.04665160870569,0.8576363006483276
S00150,rockchip,116.04911613122884,-31.36881726431307,-9999.0,26.046340258176727,1.8285420630943605,3.3537829890446704,2.964469979005726,8.004631388689226,4.7137257960688554,6.721824679148447,0.8109272235218942,1.151235808475781,0.48706183868603675,122.026367851269,0.7019150188107406,0.8847837782675534,1.7989917047439257,61.418807188995444,144.37243997636227,0.7472444747309758,1.8878411094148126,1.4198278077844204
S00151,rockchip,116.81853967647368,-31.723009179765008,2.7671254206085067,3.3620707372055727,2.1256600541302606,4.531946388684995,9.433324434864153,1.4747804513211433,2.812053602217714,7.850484447025462,0.8175490113189618,0.7662985788793553,2.3182762240948724,5.182205377627742,4.304126445863472,-0.5,1.6617885206646563,5.7999660944982905,7.4239825463547735,0.33225836412797793,22.379447655438288,80.45445068094953
S00152,rockchip,116.44259444982906,-31.484520804308357,19.51966401773721,0.9977556361989123,12.067747864010684,-0.5,9.049573004622642,0.7899449923084689,5.538501874233919,10.154137316708116,0.5980650346981082,0.6144002010687167,1.2319625427785361,18.053905554973316,4.563250922420025,0.44266254750123235,2.9242142945512684,4.924623310603535,0.4357119460670239,11.798061644178173,-9999.0,17.162036010210876
S00153,rockchip,116.37916449430325,-31.312793502898476,1.7240424035392963,17.267122027538544,3.1045147616188142,5.628851931329985,5.54199053602149,1.604368040586714,27.84584837093787,9.580954183963136,120.31677919734486,4.407821374152322,16.108063273549213,0.9742129709452088,2.7593817985885907,2.288317353949106,5.447683832599251,0.0,0.8099511400959252,-9999.0,0.5897947570828869,0.29797033476077567
S00154,rockchip,116.32292727779515,-31.086933732594886,1.978554174802369,4.587442810630955,35.46383651217954,8.760356284650605,1.0454095654593174,0.8575138746612864,2.079851523802981,3.381804868631949,4.362054431957258,0.6220025334654163,0.9479721963815616,2.809006710273489,8.77595117118482,0.28530326778930304,4.878176461292432,1.4167339097728615,3.5562288989535853,1.1352829162596232,0.9371162755083663,0.07804626896833831
S00155,rockchip,116.45483411043698,-31.621596826872047,0.8597486135520703,3.422570613484227,3.18480068321162,24.46636114853325,1.265286988807431,0.669644534375792,3.569009995398038,3.4355114130377165,3.2328151957615163,14.467844231314968,6.659663644089313,17.1674255214136,0.6731035743929333,2.013346310071902,1.576372350631094,8.495258039200984,0.38998957973349385,8.75117958554938,0.31188471758024927,3.0473995859192127
S00156,rockchip,115.91067973064857,-31.601581818524213,16.33429271233316,0.5906099809515525,1.3499593536115526,4.382234153669903,1.057414517881887,0.2418288050370229,0.7433842159124675,11.12661286734556,10.796897648181321,2.6305042355915815,1.0715176027620805,0.25393841663609773,49.38258534025182,0.41774982364979363,9.685857298937943,15.270438044004619,-9999.0,6.017905140324529,2.564189256621267,10.383410015297706
S00157,rockchip,116.87831913806586,-31.188096106409628,1.3574725892017632,4.691042597970196,0.17907833889257022,1.1812180687754632,0.6240153600836196,3.016861867266998,10.832105753835188,30.352891072453996,40.3436420160878,0.9459277525211712,1.776690666613446,1.9153066983665643,0.7891665975273073,3.707005999852974,1.947231798287583,0.3336885027514892,4.223449121000363,9.991863448050722,2.1376875285756998,1.2461854478819383
S00158,rockchip,116.44575713968105,-31.437216163476368,39.93667297720992,0.9732889901195226,0.926070492032946,2.3293613057144307,0.6110434487572723,1.1582861319288458,7.799853936372636,0.41020849664050785,4.854988353785363,0.9517196001456155,-0.5,6.896278493823152,2.190434495619227,0.981052463323196,1.0176777002708106,126.43953711353483,12.292600665477899,31.845571961610542,3.605950769704831,12.584779307720732
S00159,rockchip,115.92342776562697,-31.33757907969833,15.378994279326085,4.3369143975303155,1.676372643852054,0.4894631597238517,0.5293847122800855,11.581605524358627,3.7615865406573015,1.091509860694079,12.507489279428743,0.2731155161304645,5.926146921442296,2.4378751609979314,0.3143446275088019,4.203302483094524,0.30058266445066634,31.08618143871554,-0.5,3.766994910059595,20.958686277712975,2.9727333442488644
S00160,rockchip,116.47821036818638,-30.98353907815194,20.04371218150378,2.923579465026885,24.51860601487567,8.093237799220145,4.499315191635316,-0.5,0.5600684198802831,6.9719755452658525,1.280141683566729,0.8259164648866718,5.123511105922729,1.1596987096109521,13.05497985119317,13.768330899103422,11.878947568480138,1.1350920192245573,2.4853006677317353,49.33154121563109,2.6520953779122207,2.1284799371163565
S00161,rockchip,116.32531152177646,-31.32059064586615,3.0656514237063384,13.8208015904026,1.3622919027046183,0.12373812517520325,3.2755825336237465,1.205476190150389,0.9753538085250759,3.984172346716424,0.6980516329436252,1.1862770069454278,1.1737236614547535,1.2616453169606665,46.16243251232538,29.493514866867173,2.7692737848472997,6.318707643766006,1.8008087842436182,23.135527162961555,1.8208547506154178,8.450053428620594
S00162,rockchip,115.9122704601532,-31.167174566321506,1.3106336217518593,1.145671719133745,-0.5,12.641471340016285,0.6769349475725477,41.23802761382355,0.17431557784151472,0.18528651605109367,10.631004518011173,5.0134312798371745,3.1598399817408325,4.362715396058173,55.26904043054144,0.061298072299126996,3.7296281528666024,2.5477960389360343,2.93734256561757,8.803612344456331,2.0152478532852816,1.2240760452673007
S00163,rockchip,116.81266151564425,-31.162898905270705,-0.5,2.172720148076674,0.4855538518291144,15.149785880396534,0.20862352171734166,0.6640390801123253,0.0,1.1503872480743411,10.329909068541118,-9999.0,1.5493271124303065,0.2577584955075581,14.910736936792743,0.7777958904655233,13.048906974913098,4.478378022542125,12.03947167538117,0.2150583556128178,0.16863405479014557,1.7681618732536775
S00164,rockchip,115.8987996355606,-31.01606200397466,27.8821708335364,9.002207772887393,0.8532505556929904,0.03350911094178804,1.5620516399003062,-0.5,7.877819023356185,4.2803136032047995,8.973776445852641,0.7485721889764654,0.31761738879825646,3.277042576906927,1.5578191845247962,1.725248131233339,1.3282876780117436,2.216877250078168,0.4126514365420382,3.2049231795774946,7.57761053626374,7.427957286933293
S00165,rockchip,116.4661044403646,-31.181534458439653,38.85593831456414,1.9077864488316285,14.738534832268325,18.410506182217087,25.03020472213735,0.438776119549149,4.921644420091275,2.770127003799844,3.281751163202943,0.4326371969575223,3.832016438857391,0.0,-0.5,5.422146268532859,0.34590231419213474,5.958009373886428,0.8469391207015033,3.933337872052244,2.1680134502746102,2.593234904920228
S00166,rockchip,116.85002351111301,-31.754864121276814,0.16766365386268348,2.6319125348390795,1.1132870754821556,12.691459089764475,2.743034780040417,0.35964376857728864,3.453996415062679,1.5865900364288998,0.8442466691500013,1.9050775990164666,-9999.0,1.5790172574511034,1.6747155518249919,0.22865710487095472,3.018231468280983,0.546800457392395,1.5424175758056244,3.7560081578310442,3.0663797838882556,47.615789102345246
S00167,rockchip,116.12583726046981,-31.477500964243838,157.1492649844917,1.476837426958732,14.137671447893263,1.7593111230525023,9.026052751113507,27.687096508189477,-9999.0,91.47832660071992,1.3220233904884573,0.12499272954257569,27.55751240306723,0.2618542299292748,0.440552335678514,0.6230437049794206,4.314331242298361,72.61065173246848,1.8901212519438728,2.3054797729617422,2.0114434370166143,7.696287881349306
S00168,rockchip,116.14241183773038,-30.830357763421468,3.967808366790146,2.126614421677411,0.7870588343294312,0.4548791332724672,3.561097998494543,3.5133121989775247,4.2921794060306295,2.618660589213577,15.37291985976636,1.6874294658494444,4.375743954984676,1.2610490711994482,1.7450424782766998,-9999.0,1.8325829151355377,0.6126360685993906,2.5050122490205418,7.164045743387812,3.2906254389703697,6.981199446604473
S00169,rockchip,115.88865589204694,-31.62316365812276,8.746877966149794,7.436768091350431,0.9147218607506687,0.7736477210263284,2.4912832963224947,3.32183804370926,1.1436989968162503,0.0,1.1204224505772238,14.48814295428313,3.966515069769492,2.2577103657567985,10.62428289366306,3.0874094151159786,24.794116003916983,6.225009224046158,2.618616095652112,8.7472010580124,0.37997956017825596,2.523742782735154
S00170,rockchip,115.95458393547476,-31.23294486851599,0.70969169224127,42.68589766811544,7.119043673872797,0.8712932345304976,0.2983231952394916,0.21342402751230083,0.9513218752713279,3.318282547346776,3.5944069525426157,2.012694281312625,0.05345061121062241,0.5407503609514474,0.740465652254662,4.789507604723034,0.06526823216986795,0.9822012682466585,7.471061316624251,0.22129537494541526,2.7138795084156757,10.095926393013338
S00171,rockchip,115.93312117506387,-30.976733307053415,0.6400143011310295,-9999.0,0.8037620405919178,19.57168620243898,1.4769401766789965,4.655792215426895,1.9201965481584444,3.7340748611089594,-0.5,3.4520989329498115,162.5509955530316,2.8460966551251516,0.08879007559883575,5.288388617674539,14.586332452096075,2.1503607924296646,0.1931623342971657,20.74406857747872,1.0985065377305225,1.6754609824194688
S00172,rockchip,116.71088904717521,-31.233115386183325,0.3140419448482015,0.4075757832320152,1.8010926015672848,1.3860246850649462,1.2187403790194349,15.427211319890684,1.3836258693672112,2.8765443341335577,2.040571634360187,2.878125186488178,23.253430902774138,3.5186269092547344,0.4149882887525202,4.517196913878995,-0.5,5.429734823892176,0.24606486997748497,0.29680560091158614,2.8644996727757888,4.1519023499932874
S00173,rockchip,116.7249703334317,-31.447403688804002,35.00455774818738,2.198522831899141,4.914391486628329,10.569628410051171,25.073911305382232,15.244451354557988,11.352888926785209,0.1196064289579677,0.5375066469723717,0.3403272952983835,8.48842840256776,16.508573074992555,0.0,0.0,5.393293118570319,3.1477881416518216,1.002210887719105,1.4786823225003878,0.5930695393408602,0.6876745639256312
S00174,rockchip,116.61493284767131,-31.73944538421297,0.9684000502563052,2.9284276634396833,1.8609579951058306,2.2567122175808367,3.578096599677055,7.407550696686131,5.1149661116602845,0.6155080534849304,2.4305011653808273,37.94868682312235,3.0282846392003835,2.1225424343467925,0.20653077559665814,2.9553280501915,0.0182452168411081,3.3004668253962928,9.92824806388706,0.7179420020772848,5.572516853063651,12.924982783283244
S00175,rockchip,116.24097777600387,-31.458009044394583,2.3682711512705583,1.9611326006516143,1.1689809612779116,2.952385410923591,18.472879467053154,0.49945969921882744,1.6828526153761878,-9999.0,1.3280257846871322,1.4749909821263123,0.09572573943759914,3.214222828459641,1.3391187402271625,7.3679877369581135,18.649758088979468,-9999.0,1.0223207947502129,0.9206773449564037,2.806976659687736,4.203456007658041
S00176,rockchip,116.70948721337562,-31.63760643535639,1.729711601993793,1.1854022170868614,0.44448371606708903,0.2574078745258687,14.748916776805828,4.347865894662868,1.781746913030683,9.19885934146535,0.2101733003017416,2.7046610532132234,3.573187925695846,1.1895472605690711,1.5289284063242878,0.09451620290702274,0.5829515702648047,0.9633947898225921,2.5558290210082357,13.870989179853224,0.3893724656849932,53.18463801578174
S00177,rockchip,116.42800728372967,-30.858811130648697,0.5878746526869525,0.42804101588622484,23.90273558300728,0.48645775359992954,0.7642417902443974,7.399241098652361,7.805765233983745,1.7351472840335405,7.259012184649331,1.0167032491965005,2.850950641586225,1.3287505266587378,-9999.0,27.563714905971917,1.2692955130488368,-9999.0,3.294355780312177,3.2622909909068856,11.240275381479734,98.3416436213751
S00178,rockchip,116.19254303996671,-31.104642105372392,2.016912324416453,1.0874686318638391,-9999.0,18.909156617514874,-9999.0,0.18421248504367788,12.384097155735434,0.7810904347518608,6.7799666867879145,14.9857245389579,-0.5,7.8168613806465075,3.8647896707012417,0.09958705663297213,2.104569646605018,0.7547067856057729,4.36730071624173,7.567771942841698,1.256698581821284,8.541863369500199
S00179,rockchip,116.32550953260117,-31.070290792570816,3.101388813529633,9.261397252712753,4.454895011968909,2.1520399748460877,34.03256620585466,0.5056455307873647,0.17116924455299246,11.206393606906438,2.9570624496884483,0.30482428142691986,5.324095329273783,1.912202580346832,4.954655235543628,0.5386212068488077,5.008452834718207,1.02589919664971,28.413451241444122,7.014810907025831,1.5873565348539946,3.012101376211108
S00180,rockchip,115.95400053332136,-31.3837046809303,17.692960971201916,-9999.0,1.9190384946718417,4.267333560685119,6.326637157876423,10.300948543683376,2.1026138144790183,20.627804204807624,0.5034629620217675,19.171920755907657,17.373061288591156,9.392424041480783,2.174897129613842,1.934519170731448,7.093238903844777,1.0441151838523899,7.705745870350624,0.15372831549625793,9.000907722950467,0.6576405535036675
S00181,rockchip,116.8331414502367,-31.709709118798973,0.5550766845379208,7.48830782065014,2.0839025493685317,40.834844102419,5.778120430367047,10.115497613476277,3.1181414636447595,0.27277972281027385,0.5140129121362993,1.7221138411875112,4.530549758889614,2.5340455338695578,0.659156569272717,7.455256370064707,10.373565914755057,1.6534512152057035,12.136224172596188,1.1774930620275934,-9999.0,10.560543078967113
S00182,rockchip,116.50734918083862,-31.552957460763356,1.132863777070877,0.44703378527382726,9.471519630822709,2.244674971844319,10.701368413619326,0.26636851068626255,6.185498314779903,3.1436680264656713,89.64535985792622,1.2210421701906675,4.508367897064513,0.48882549791809216,10.507645501984383,0.030412537549517973,9.242202888800334,0.3229084096663365,2.2474706735871273,8.354987973461007,1.3514569501344178,3.7263412190931016
S00183,rockchip,116.61946690841735,-31.559962842864348,6.20379430891126,23.71754289988294,12.77733679155104,2.0619064824287276,5.587721923659269,8.957867432601798,3.2203454985187485,0.04952623027595278,0.05323051025283832,1.0601094497716814,4.964144108313713,0.9614115658069353,0.19289952630376073,2.6059922742237065,3.972480879970331,0.33044078201201493,24.785425092973398,7.280918156721866,3.2130711545778494,6.092461935485559
S00184,rockchip,116.56481613390666,-31.332894596129133,-0.5,1.1701980676904424,1.2089723699371147,16.59545447569324,6.168974976057398,3.1360219402924936,5.006814445830401,1.7038150397045448,0.5294373202679955,40.975439973947736,1.6750500737421379,102.26678110530007,8.774815877356772,8.922646176207728,-0.5,6.138576161705288,3.026514094598363,0.19494962344366265,0.0,36.4040881876776
S00185,rockchip,116.55598274800776,-31.35869416023732,2.9913284707454113,5.544477802691432,13.625080660927438,2.769106029226776,4.2766316700035745,8.771549142673637,1.905151037254399,45.90854860450071,68.33244135658151,0.24483617912155753,8.478266711014571,2.338027382058799,15.121824656524984,12.08273016542731,0.5293366957274644,6.2443030747109,0.1447162581899951,12.7437465901267,18.08155094238897,0.7892793752864602
S00186,rockchip,115.90549374898403,-31.386265729558836,0.6334274275443708,2.2532625812606275,6.838944974366576,4.392991984532126,1.6329110557770523,1.04939941504216,0.8115644836599525,3.1202702137413802,109.28200120350486,1.218655699117967,26.727490129644796,0.2409914273261193,90.47917204208518,0.9550472266389206,0.8811387180419439,4.331983186993745,108.59007297388246,6.84887166917541,-9999.0,0.6794604492696229
S00187,rockchip,116.41360404327163,-31.32369648023794,8.738101878683953,1.2092235895718235,13.27437669397696,12.124454356779546,0.5559169389159685,7.154741220585909,8.813570623744031,0.34245421670203724,34.768287140965,0.392133967991114,2.8918336599566694,0.49289289539950865,0.8769650157797098,1.731082732306332,10.414409077989223,21.387025095964063,-0.5,0.6413445447281592,5.515733372834141,1.9066753910601573
S00188,rockchip,116.70994299211232,-30.8326508649492,22.65625410718791,5.202960611304916,0.24594055524123418,2.7187493197706902,0.16772544105408627,9.638284744558389,9.24293044848061,0.3553404798505111,6.036186546012294,0.1792805912866511,0.0,0.933061495840964,0.0,1.0787228624924925,9.543060394573498,0.7237368797625034,6.017420941085936,5.017553264523286,0.6901025781449681,9.316636980969923
S00189,rockchip,115.93275161489838,-31.521320316277794,19.722297320906907,6.691009073270467,1.449465394176,8.858546595684798,1.6585394327345817,1.60479752634858,7.226469456155336,0.6710215488531394,-9999.0,-0.5,0.3401749469677619,0.7118215421426278,2.9446558428808656,1.508307286492432,8.050217620492566,0.2043498845917043,0.5472146208848194,1.9277091950050378,0.28126588548466075,6.248246474618009
S00190,rockchip,116.84439844737506,-31.20440478658709,2.03313302943267,153.24246962105047,2.0972938579589244,2.284690556850228,5.232591007163913,2.791638834494277,9.437453818511166,0.9925137645110309,0.21784687505364234,2.609889396584599,5.762787451382428,0.5226670245742645,2.6329474497086247,0.5782552920398073,1.2565562667187513,8.828284418706485,73.38203667042862,5.6856649578415865,6.248534089210232,0.7092602400477669
S00191,rockchip,116.31239244649278,-31.58016620289037,0.05644803599029097,-9999.0,1.345235990632566,11.842665494667113,3.88785129397922,1.0275913368438538,0.6328060256426724,0.1589492330821172,4.998935191924187,0.476509864790816,6.830021146632521,24.374776025784612,9.5061102244194,0.7161409715895863,10.651899125652658,0.19780239463994076,0.827057653781966,0.18261883786111266,0.8102686017102502,8.455603443918637
S00192,rockchip,116.17812825553816,-31.353067681004497,3.8597262141102364,6.933770379180501,48.23015709140562,5.114044632140896,7.055921028293011,32.377327943612244,1.2697846647062456,4.45439890873971,0.8653885394596288,9.427521951688824,4.692281786585964,7.36687685877332,5.951814768037866,5.215137128088748,0.4762241278598769,2.2137088665841658,1.5252064605462068,1.6017434718418835,0.6794064716337375,0.4485122752287917
S00193,rockchip,116.42005412512873,-31.619624713784305,3.1596632307345183,15.139730321725741,1.4699061339920694,1.9384603217590817,2.2500096344904477,0.0,14.5821757654789,6.146027809229983,23.985113488553868,1.4902948690067275,1.9089749366507653,2.014291505602202,1.6034807559319115,3.311572194686577,13.681433774684734,4.125985476667285,0.2742701113413057,15.975804414850936,7.114462281130195,0.7736679431036217
S00194,rockchip,116.68944695132981,-31.26148171163092,0.590268411697404,6.036238365170038,5.488135774408816,3.038531602943568,161.25712490993325,0.6817880219104832,4.638308184319755,1.6075128335857145,0.1685973188351195,1.0306089386606478,4.119337736333562,1.1264782080158122,2.346375697814598,5.682434564350087,1.8380289932039882,59.810821112743355,4.696730104028462,6.099633932151427,2.1789141106699006,2.286023909041493
S00195,rockchip,116.36298782525542,-31.55466216044701,0.7925609308048542,2.564921430014376,3.4186983307643914,0.0694951216602788,56.8767027823552,0.9289142287916015,2.9572236872664805,58.47392730164992,3.671638390893447,6.443500174164419,1.217237666118984,2.132847815737842,0.0,3.7472475527568383,33.99643307353828,1.1972109788468077,1.7819832529241746,8.912558032423401,3.824223439151675,1.1851307796093933
S00196,rockchip,116.53333844007318,-31.782885030211848,0.6105861554433675,4.430832773440853,1.7588482713463334,16.29177676217868,0.27904204460914916,3.2875937089235734,1.8629492938017977,1.4273062260431728,10.947561253326043,1.4429893963332194,0.9359624440143782,39.29751500721394,0.40685685421654816,7.818618696832991,0.2774365173984763,1.336964144631853,0.2683692944403911,1.9149435237569958,0.3965854102179532,10.327283049260178
S00197,rockchip,116.38814715135365,-31.004402855457858,4.103278731249347,9.798316189115644,0.9389807116027313,0.41397415796650916,7.277323919454048,8.414839527686679,-0.5,16.513821209574818,12.41607113903297,0.6413601987129012,0.6099080260125344,0.7426297559960605,1.9144909784674884,10.148450129550676,38.28683367767258,7.32727516471406,2.456269187517859,6.337718999540459,0.6930822295865836,4.176893233011585
S00198,rockchip,116.51950502012794,-31.69141883481026,0.7916717492151552,21.892514134590208,59.3690352464822,0.5467976395154867,11.625060296023792,0.3665060436090453,0.19096772317956795,0.3390685691973275,9.491953024085907,7.714513923716287,0.6195064404099568,0.255189739547664,6.246897584179062,0.19937357958655672,1.5805983948478843,6.70597170549801,3.1336311360574736,0.0,31.372398264550363,38.41091893502329
S00199,rockchip,116.02626367868342,-31.45163514781377,-0.5,0.28194956963406365,-9999.0,1.409129527424173,0.11261534419133605,43.444749502174346,4.225381042128039,4.262765170980093,4.529863857310075,2.1988757674281687,6.023462634793433,7.396670490360453,0.5488099311243422,0.7546777246561961,1.5384587690639224,1.6240165486304678,1.8753325204495812,0.6789144058603153,1.0130759760258494,1.8761502762156184
